"IndustryVertical","CityLocation","InvestmentType","AmountInUSD"
"Technology","Bangalore","Private Equity",1300000
"Consumer Internet","Mumbai","Seed Funding",500000
"Consumer Internet","Hyderabad","Seed Funding",850000
"Consumer Internet","Bangalore","Seed Funding",1000000
"Technology","Ahmedabad","Private Equity",2600000
"eCommerce","Gurgaon","Private Equity",20000000
"eCommerce","Bangalore","Private Equity",8500000
"Consumer Internet","Mumbai","Private Equity",1000000
"Consumer Internet","Bangalore","Seed Funding",1000000
"Technology","Hyderabad","Private Equity",3000000
"Consumer Internet","Mumbai","Seed Funding",464000
"Technology","Bangalore","Private Equity",18500000
"Technology","Bangalore","Seed Funding",540000
"eCommerce","Bangalore","Private Equity",1700000
"Technology","Bangalore","Seed Funding",2000000
"Consumer Internet","Bangalore","Private Equity",10000000
"Technology","Bangalore","Seed Funding",600000
"Technology","Gurgaon","Seed Funding",700000
"eCommerce","Gurgaon","Seed Funding",200000
"Consumer Internet","Bangalore","Private Equity",1200000
"Consumer Internet","Bangalore","Private Equity",35000000
"Consumer Internet","New Delhi","Private Equity",25000000
"Consumer Internet","Bangalore","Seed Funding",200000
"eCommerce","Gurgaon","Private Equity",15000000
"Consumer Internet","Mumbai","Private Equity",1250000
"Consumer Internet","Mumbai","Private Equity",50000000
"eCommerce","Gurgaon","Private Equity",1000000
"Consumer Internet","Bangalore","Private Equity",1200000
"Consumer Internet","New Delhi","Seed Funding",1000000
"Consumer Internet","New Delhi","Seed Funding",650000
"Consumer Internet","Mumbai","Seed Funding",600000
"Consumer Internet","Hyderabad","Seed Funding",232000
"Technology","Hyderabad","Private Equity",1500000
"Technology","Bangalore","Private Equity",1500000
"Consumer Internet","Bangalore","Seed Funding",350000
"Consumer Internet","Mumbai","Seed Funding",300000
"Consumer Internet","Hyderabad","Seed Funding",250000
"Consumer Internet","Ahmedabad","Debt Funding",7800000
"Technology","Bangalore","Private Equity",500000
"Healthcare","New Delhi","Private Equity",1000000
"Consumer Internet","Mumbai","Seed Funding",776000
"Consumer Internet","Mumbai","Private Equity",15000000
"Technology","Bangalore","Private Equity",5500000
"Consumer Internet","Bangalore","Private Equity",50000000
"Consumer Internet","Bangalore","Private Equity",12300000
"eCommerce","Bangalore","Private Equity",1000000
"Consumer Internet","Mumbai","Seed Funding",100000
"Technology","Bangalore","Private Equity",12500000
"Technology","Hyderabad","Private Equity",4000000
"Consumer Internet","Bangalore","Seed Funding",300000
"Consumer Internet","Mumbai","Private Equity",5200000
"eCommerce","Mumbai","Private Equity",2400000
"Consumer Internet","Bangalore","Private Equity",4500000
"Technology","Hyderabad","Seed Funding",215000
"Technology","Mumbai","Private Equity",31000000
"Technology","Bangalore","Private Equity",4600000
"Consumer Internet","Mumbai","Private Equity",2000000
"Consumer Internet","Bangalore","Seed Funding",500000
"Consumer Internet","Mumbai","Private Equity",4000000
"Consumer Internet","Mumbai","Seed Funding",1000000
"Technology","Hyderabad","Private Equity",5000000
"eCommerce","Bangalore","Private Equity",71000000
"Consumer Internet","New Delhi","Private Equity",5000000
"Consumer Internet","Mumbai","Private Equity",3000000
"Consumer Internet","Bangalore","Private Equity",2000000
"Consumer Internet","New Delhi","Private Equity",1000000
"Technology","Bangalore","Private Equity",5000000
"Consumer Internet","Gurgaon","Private Equity",21000000
"Consumer Internet","Hyderabad","Private Equity",73700000
"eCommerce","Gurgaon","Private Equity",10000000
"Technology","Hyderabad","Seed Funding",1500000
"Logistics","Bangalore","Private Equity",10000000
"Consumer Internet","Bangalore","Seed Funding",390000
"Consumer Internet","Bangalore","Private Equity",104500000
"Technology","Bangalore","Seed Funding",1000000
"Consumer Internet","Bangalore","Seed Funding",233000
"eCommerce","Gurgaon","Private Equity",700000
"Food & Beverage","New Delhi","Seed Funding",1000000
"Technology","Bangalore","Private Equity",5000000
"Technology","Bangalore","Private Equity",3000000
"Technology","New Delhi","Seed Funding",50000
"eCommerce","Gurgaon","Private Equity",7700000
"Consumer Internet","Bangalore","Seed Funding",600000
"Consumer Internet","New Delhi","Private Equity",5000000
"Consumer Internet","Mumbai","Private Equity",466000
"eCommerce","Bangalore","Seed Funding",1000000
"Technology","Bangalore","Seed Funding",500000
"Technology","Mumbai","Private Equity",3000000
"eCommerce","Mumbai","Private Equity",500000
"Consumer Internet","Chennai","Seed Funding",250000
"Consumer Internet","Mumbai","Private Equity",5300000
"ECommerce","Mumbai","Seed Funding",1000000
"ECommerce","Bangalore","Private Equity",1400000000
"Consumer Internet","Bangalore","Seed Funding",1000000
"Logistics","New Delhi","Private Equity",30000000
"Consumer Internet","Mumbai","Seed Funding",500000
"Consumer Internet","Gurgaon","Private Equity",6600000
"Consumer Internet","Mumbai","Private Equity",1000000
"Consumer Internet","Mumbai","Seed Funding",580000
"eCommerce","Mumbai","Private Equity",3500000
"Consumer Internet","Mumbai","Private Equity",1500000
"Consumer Internet","Bangalore","Private Equity",80000000
"Consumer Internet","Gurgaon","Private Equity",7000000
"Consumer Internet","Mumbai","Private Equity",3800000
"Education","Mumbai","Private Equity",8200000
"Food & Beverage","Chennai","Private Equity",2700000
"Technology","Bangalore","Private Equity",6100000
"Technology","Bangalore","Private Equity",3690000
"Consumer Internet","Ahmedabad","Seed Funding",500000
"Consumer Internet","New Delhi","Seed Funding",500000
"Consumer Internet","Mumbai","Private Equity",3000000
"Healthcare","Bangalore","Private Equity",21000000
"Consumer Internet","Bangalore","Private Equity",5000000
"eCommerce","Mumbai","Private Equity",18000000
"Consumer Internet","Gurgaon","Private Equity",4600000
"Technology","Bangalore","Seed Funding",150000
"Consumer Internet","Bangalore","Private Equity",2300000
"eCommerce","Bangalore","Private Equity",5500000
"Technology","Bangalore","Seed Funding",100000
"eCommerce","New Delhi","Private Equity",4000000
"Logistics","Mumbai","Private Equity",4500000
"Consumer Internet","Bangalore","Private Equity",4500000
"Consumer Internet","Gurgaon","Private Equity",7700000
"Consumer Internet","Bangalore","Private Equity",260000000
"Consumer Internet","Gurgaon","Private Equity",1500000
"Food & Beverages","Mumbai","Seed Funding",175000
"Consumer Internet","New Delhi","Seed Funding",620000
"Consumer Internet","Ahmedabad","Private Equity",4650000
"Technology","New Delhi","Private Equity",2000000
"Technology","Bangalore","Private Equity",600000
"Technology","Bangalore","Private Equity",1250000
"Technology","New Delhi","Seed Funding",155000
"Consumer Internet","Mumbai","Private Equity",3000000
"Consumer Internet","Bangalore","Seed Funding",1000000
"Consumer Internet","Gurgaon","Private Equity",250000000
"Consumer Internet","Mumbai","Private Equity",3200000
"Consumer Internet","Gurgaon","Seed Funding",245000
"Consumer Internet","Gurgaon","Private Equity",3100000
"Consumer Internet","Mumbai","Private Equity",20000000
"Technology","Mumbai","Private Equity",11000000
"Consumer Internet","Chennai","Seed Funding",1500000
"eCommerce","New Delhi","Private Equity",1000000
"Consumer Internet","Mumbai","Private Equity",3600000
"Consumer Internet","Bangalore","Private Equity",1500000
"Consumer Internet","New Delhi","Seed Funding",750000
"Consumer Internet","Bangalore","Private Equity",330000000
"Consumer Internet","Bangalore","Private Equity",10000000
"Consumer Internet","Hyderabad","Private Equity",1500000
"Technology","Chennai","Seed Funding",500000
"Consumer Internet","Gurgaon","Private Equity",2500000
"Consumer Internet","Chennai","Private Equity",7600000
"Technology","Bangalore","Seed Funding",275000
"Technology","Ahmedabad","Private Equity",6700000
"ECommerce","Bangalore","Private Equity",200000000
"Healthcare","Mumbai","Private Equity",19500000
"Consumer Internet","Mumbai","Seed Funding",1200000
"Consumer Internet","Gurgaon","Seed Funding",150000
"Consumer Internet","Mumbai","Private Equity",1790000
"Technology","Bangalore","Private Equity",10000000
"Consumer Internet","New Delhi","Seed Funding",30000
"Consumer Internet","Bangalore","Private Equity",3650000
"Logistics","Gurgaon","Private Equity",15000000
"Technology","Chennai","Seed Funding",1100000
"Consumer Internet","Mumbai","Seed Funding",120000
"Consumer Internet","Bangalore","Seed Funding",500000
"Consumer Internet","Mumbai","Private Equity",4500000
"Healthcare","New Delhi","Seed Funding",443000
"Technology","Bangalore","Seed Funding",600000
"eCommerce","Hyderabad","Private Equity",3350000
"Consumer Internet","Mumbai","Private Equity",1350000
"Consumer Internet","New Delhi","Private Equity",3100000
"Consumer Internet","Gurgaon","Seed Funding",200000
"eCommerce","Bangalore","Private Equity",1400000000
"Technology","Mumbai","Private Equity",3670000
"Consumer Internet","Mumbai","Private Equity",5300000
"Consumer Internet","Bangalore","Seed Funding",191000
"Consumer Internet","Gurgaon","Private Equity",15000000
"Technology","Bangalore","Seed Funding",382000
"Technology","New Delhi","Private Equity",100000000
"ECommerce","Mumbai","Private Equity",500000
"Consumer Internet","Gurgaon","Private Equity",300000
"Consumer Internet","Mumbai","Seed Funding",325000
"eCommerce","Bangalore","Seed Funding",650000
"ECommerce","Bangalore","Private Equity",10000000
"Consumer Internet","Bangalore","Seed Funding",50000
"Consumer Internet","Mumbai","Seed Funding",155000
"Technology","Mumbai","Private Equity",3000000
"ECommerce","Bangalore","Private Equity",7000000
"Consumer Internet","Bangalore","Private Equity",2500000
"Consumer Internet","Mumbai","Seed Funding",450000
"Consumer Internet","Bangalore","Seed Funding",1000000
"Technology","Gurgaon","Private Equity",1200000
"Consumer Internet","Mumbai","Private Equity",55000000
"Consumer Internet","Gurgaon","Seed Funding",40000
"ECommerce","Bangalore","Private Equity",6000000
"ECommerce","Bangalore","Private Equity",8000000
"ECommerce","Bangalore","Private Equity",500000
"Technology","Bangalore","Private Equity",5800000
"Technology","Bangalore","Private Equity",7500000
"Consumer Internet","Chennai","Private Equity",3200000
"Consumer Internet","Gurgaon","Private Equity",15000000
"Consumer Internet","New Delhi","Seed Funding",330000
"Technology","Bangalore","Seed Funding",400000
"Consumer Internet","Chennai","Seed Funding",300000
"Consumer Internet","Mumbai","Private Equity",22400000
"Consumer Internet","Bangalore","Private Equity",6500000
"Consumer Internet","Mumbai","Private Equity",3000000
"Consumer Internet","Bangalore","Private Equity",3000000
"Technology","Hyderabad","Seed Funding",500000
"Consumer Internet","Bangalore","Seed Funding",400000
"ECommerce","Bangalore","Private Equity",15200000
"eCommerce","Mumbai","Seed Funding",40000
"Consumer Internet","Gurgaon","Seed Funding",40000
"eCommerce","Bangalore","Private Equity",38700000
"Consumer Internet","Gurgaon","Private Equity",15000000
"Consumer Internet","Bangalore","Seed Funding",40000
"Consumer Internet","New Delhi","Private Equity",1100000
"Consumer Internet","Gurgaon","Seed Funding",375000
"ECommerce","Bangalore","Seed Funding",94000
"Consumer Internet","New Delhi","Private Equity",1000000
"Logistics","Bangalore","Private Equity",70000000
"Logistics","Mumbai","Private Equity",13000000
"Consumer Internet","Mumbai","Private Equity",57000000
"Consumer Internet","Chennai","Private Equity",35000000
"Technology","Mumbai","Private Equity",800000
"Technology","Mumbai","Private Equity",5000000
"Consumer Internet","Gurgaon","Private Equity",2250000
"Consumer Internet","Bangalore","Seed Funding",100000
"eCommerce","Bangalore","Private Equity",3500000
"Consumer Internet","Bangalore","Private Equity",1350000
"Consumer Internet","Gurgaon","Private Equity",10000000
"Technology","Mumbai","Private Equity",4100000
"Consumer Internet","Bangalore","Seed Funding",440000
"Consumer Internet","Bangalore","Private Equity",4500000
"Consumer Internet","Bangalore","Private Equity",5000000
"Consumer Internet","Mumbai","Seed Funding",700000
"Consumer Internet","Bangalore","Private Equity",800000
"Consumer Internet","Bangalore","Private Equity",2000000
"Consumer Internet","Bangalore","Private Equity",55000000
"Consumer Internet","New Delhi","Seed Funding",441000
"Consumer Internet","Bangalore","Seed Funding",147000
"eCommerce","New Delhi","Seed Funding",650000
"Technology","Bangalore","Seed Funding",300000
"Consumer Internet","Mumbai","Private Equity",1000000
"Consumer Internet","New Delhi","Seed Funding",50000
"Technology","New Delhi","Private Equity",15000000
"Consumer Internet","Bangalore","Private Equity",500000
"Consumer Internet","Hyderabad","Private Equity",10000000
"Consumer Internet","Bangalore","Private Equity",4000000
"Technology","Bangalore","Private Equity",2200000
"eCommerce","Ahmedabad","Private Equity",8800000
"Consumer Internet","Ahmedabad","Private Equity",1400000
"Consumer Internet","Chennai","Seed Funding",300000
"Technology","Mumbai","Seed Funding",106000
"Technology","New Delhi","Seed Funding",22500
"eCommerce","Mumbai","Seed Funding",68000
"Consumer Internet","Bangalore","Seed Funding",18000
"eCommerce","New Delhi","Private Equity",2000000
"Consumer Internet","New Delhi","Private Equity",4000000
"Consumer Internet","New Delhi","Private Equity",3600000
"Consumer Internet","New Delhi","Seed Funding",100000
"Technology","Mumbai","Private Equity",3000000
"eCommerce","Bangalore","Private Equity",1400000
"Consumer Internet","New Delhi","Seed Funding",147000
"Consumer Internet","New Delhi","Private Equity",9000000
"Consumer Internet","Bangalore","Seed Funding",440000
"Consumer Internet","Mumbai","Private Equity",6500000
"Consumer Internet","Gurgaon","Seed Funding",250000
"eCommerce","New Delhi","Private Equity",6000000
"Technology","Bangalore","Seed Funding",450000
"Technology","Bangalore","Private Equity",10000000
"Consumer Internet","New Delhi","Seed Funding",200000
"Consumer Internet","Gurgaon","Private Equity",2000000
"Food & Beverage","New Delhi","Seed Funding",2000000
"Consumer Internet","Gurgaon","Private Equity",10000000
"eCommerce","Gurgaon","Private Equity",11100000
"Consumer Internet","Gurgaon","Seed Funding",150000
"Consumer Internet","New Delhi","Seed Funding",1000000
"Technology","Mumbai","Private Equity",10000000
"Technology","Mumbai","Private Equity",35000000
"Technology","Mumbai","Private Equity",3000000
"Technology","Hyderabad","Private Equity",23000000
"Consumer Internet","New Delhi","Seed Funding",123000
"Consumer Internet","Bangalore","Private Equity",7400000
"eCommerce","Mumbai","Seed Funding",50000
"Consumer Internet","Bangalore","Private Equity",15000000
"Consumer Internet","Bangalore","Seed Funding",500000
"eCommerce","Chennai","Seed Funding",162000
"Consumer Internet","New Delhi","Seed Funding",324000
"eCommerce","Bangalore","Seed Funding",300000
"Technology","Bangalore","Private Equity",2000000
"Consumer Internet","Mumbai","Seed Funding",1200000
"Logistics","Gurgaon","Private Equity",10000000
"eCommerce","Bangalore","Private Equity",5000000
"Consumer Internet","Bangalore","Private Equity",1000000
"Consumer Internet","New Delhi","Seed Funding",200000
"Consumer Internet","Chennai","Private Equity",55000000
"Consumer Internet","Bangalore","Seed Funding",150000
"Technology","Chennai","Private Equity",6000000
"Logistics","Bangalore","Private Equity",1000000
"Technology","New Delhi","Seed Funding",150000
"eCommerce","New Delhi","Seed Funding",45000
"eCommerce","Mumbai","Private Equity",3000000
"Technology","Gurgaon","Private Equity",75000000
"Consumer Internet","Mumbai","Private Equity",3000000
"Consumer Internet","New Delhi","Private Equity",2000000
"Consumer Internet","Gurgaon","Private Equity",12000000
"Consumer Internet","New Delhi","Private Equity",1000000
"eCommerce","Bangalore","Private Equity",6000000
"Technology","Bangalore","Private Equity",4000000
"Technology","Bangalore","Private Equity",5000000
"eCommerce","New Delhi","Private Equity",13500000
"Consumer Internet","Mumbai","Seed Funding",147000
"Consumer Internet","Gurgaon","Seed Funding",90000
"Technology","Gurgaon","Seed Funding",650000
"Consumer Internet","Mumbai","Private Equity",5000000
"Consumer Internet","Bangalore","Seed Funding",147000
"Technology","Bangalore","Private Equity",5000000
"Consumer Internet","Mumbai","Seed Funding",147000
"Consumer Internet","Bangalore","Private Equity",20000000
"Technology","Mumbai","Seed Funding",600000
"eCommerce","Bangalore","Private Equity",10000000
"Consumer Internet","Mumbai","Private Equity",4000000
"Consumer Internet","Bangalore","Seed Funding",100000
"Consumer Internet","New Delhi","Private Equity",3000000
"eCommerce","Bangalore","Seed Funding",963000
"eCommerce","Bangalore","Seed Funding",150000
"Technology","Bangalore","Seed Funding",200000
"Technology","Bangalore","Private Equity",2000000
"Consumer Internet","Bangalore","Private Equity",500000
"Consumer Internet","Mumbai","Seed Funding",500000
"Consumer Internet","Bangalore","Private Equity",5000000
"Technology","Chennai","Private Equity",2000000
"eCommerce","Gurgaon","Seed Funding",200000
"eCommerce","Bangalore","Private Equity",450000
"Consumer Internet","Hyderabad","Private Equity",3000000
"Consumer Internet","Mumbai","Seed Funding",1000000
"Consumer Internet","Gurgaon","Private Equity",2500000
"Consumer Internet","Mumbai","Private Equity",3750000
"Technology","Mumbai","Private Equity",1200000
"eCommerce","Bangalore","Private Equity",1050000
"Technology","Bangalore","Seed Funding",100000
"Technology","Mumbai","Private Equity",2200000
"Consumer Internet","Mumbai","Private Equity",15000000
"eCommerce","New Delhi","Seed Funding",375000
"Consumer Internet","Bangalore","Private Equity",50000000
"Consumer Internet","Gurgaon","Seed Funding",500000
"Technology","Ahmedabad","Seed Funding",450000
"Consumer Internet","New Delhi","Seed Funding",25000
"Consumer Internet","Bangalore","Private Equity",7000000
"Consumer Internet","Bangalore","Private Equity",25000000
"Consumer Internet","Hyderabad","Seed Funding",227000
"Consumer Internet","Mumbai","Seed Funding",1000000
"Consumer Internet","Gurgaon","Seed Funding",300000
"Technology","New Delhi","Seed Funding",150000
"Consumer Internet","Bangalore","Private Equity",30000000
"Consumer Internet","Bangalore","Private Equity",1100000
"Technology","Mumbai","Private Equity",750000
"Consumer Internet","Mumbai","Seed Funding",300000
"Consumer Internet","Gurgaon","Private Equity",3000000
"Consumer Internet","Mumbai","Private Equity",7500000
"eCommerce","Bangalore","Private Equity",6000000
"Consumer Internet","Mumbai","Seed Funding",500000
"Technology","Gurgaon","Seed Funding",100000
"Consumer Internet","New Delhi","Seed Funding",1000000
"eCommerce","Ahmedabad","Private Equity",1000000
"Consumer Internet","Bangalore","Private Equity",700000
"Technology","Chennai","Private Equity",971000
"Technology","Bangalore","Private Equity",27000000
"Technology","New Delhi","Seed Funding",100000
"Technology","Chennai","Seed Funding",100000
"Technology","Bangalore","Seed Funding",100000
"Technology","Bangalore","Private Equity",750000
"Consumer Internet","Mumbai","Seed Funding",1000000
"eCommerce","Chennai","Private Equity",1350000
"Consumer Internet","Mumbai","Seed Funding",500000
"Consumer Internet","Mumbai","Private Equity",900000
"eCommerce","Bangalore/ Bangkok","Private Equity",8000000
"Consumer Internet","New Delhi","Seed Funding",500000
"Education","Bangalore","Private Equity",6000000
"eCommerce","Gurgaon","Seed Funding",315000
"Education","Bangalore","Seed Funding",670000
"eCommerce","Bangalore","Seed Funding",200000
"Education","Bangalore","Private Equity",50000000
"Consumer Internet","New Delhi","Seed Funding",150000
"Consumer Internet","Mumbai","Seed Funding",448000
"eCommerce","Mumbai","Private Equity",12300000
"Consumer Internet","Gurgaon","Private Equity",2500000
"Consumer Internet","Bangalore","Seed Funding",150000
"Consumer Internet","Gurgaon","Seed Funding",200000
"eCommerce","Bangalore","Private Equity",5000000
"Consumer Internet","Bangalore","Private Equity",1500000
"Consumer Internet","Hyderabad","Seed Funding",100000
"Consumer Internet","Gurgaon","Private Equity",1000000
"Consumer Internet","Bangalore","Seed Funding",750000
"Consumer Internet","Bangalore","Private Equity",15000000
"eCommerce","Hyderabad","Seed Funding",500000
"Consumer Internet","Bangalore","Seed Funding",1000000
"eCommerce","Mumbai","Private Equity",31300000
"eCommerce","Ahmedabad","Seed Funding",298000
"Consumer Internet","New Delhi","Seed Funding",350000
"Consumer Internet","New Delhi","Private Equity",6000000
"Technology","Bangalore","Seed Funding",425000
"Technology","Bangalore","Seed Funding",1000000
"Technology","Chennai","Private Equity",6000000
"Consumer Internet","Bangalore","Private Equity",1580000
"eCommerce","Ahmedabad","Seed Funding",500000
"Consumer Internet","Hyderabad","Seed Funding",1000000
"eCommerce","New Delhi","Seed Funding",180000
"Consumer Internet","Bangalore","Private Equity",1500000
"Technology","Mumbai","Private Equity",19000000
"eCommerce","Gurgaon","Private Equity",12000000
"Consumer Internet","Bangalore","Seed Funding",200000
"eCommerce","Bangalore","Private Equity",3000000
"Food & Beverage","Mumbai","Seed Funding",1000000
"Consumer Internet","Gurgaon","Seed Funding",225000
"Consumer Internet","Mumbai","Seed Funding",890000
"Consumer Internet","Bangalore","Seed Funding",500000
"eCommerce","Gurgaon","Seed Funding",445000
"Consumer Internet","Mumbai","Seed Funding",200000
"Consumer Internet","Bangalore","Seed Funding",500000
"eCommerce","New Delhi","Seed Funding",600000
"Consumer Internet","Bangalore","Private Equity",7000000
"Consumer Internet","Mumbai","Seed Funding",209000
"Technology","Hyderabad","Private Equity",15000000
"Technology","Gurgaon","Private Equity",1500000
"Consumer Internet","Gurgaon","Private Equity",1500000
"Technology","Gurgaon","Seed Funding",500000
"Consumer Internet","New Delhi","Private Equity",62000000
"Consumer Internet","New Delhi","Private Equity",175000000
"eCommerce","Mumbai","Private Equity",500000
"eCommerce","Ahmedabad","Private Equity",1500000
"Technology","Bangalore","Private Equity",675000
"Consumer Internet","Mumbai","Private Equity",20000000
"Technology","Bangalore","Private Equity",375000
"Consumer Internet","New Delhi","Seed Funding",100000
"Technology","New Delhi","Seed Funding",200000
"Consumer Internet","Bangalore","Private Equity",1000000
"eCommerce","Bangalore","Seed Funding",500000
"eCommerce","Mumbai","Seed Funding",500000
"eCommerce","Mumbai","Private Equity",3000000
"Healthcare","Bangalore","Private Equity",3000000
"Consumer Internet","Bangalore","Private Equity",24000000
"Consumer Internet","Gurgaon","Seed Funding",500000
"Consumer Internet","Gurgaon","Private Equity",40000000
"Consumer Internet","Mumbai","Seed Funding",550000
"Consumer Internet","Mumbai","Private Equity",3000000
"Consumer Internet","Bangalore","Private Equity",7000000
"Consumer Internet","Chennai","Private Equity",1000000
"Consumer Internet","Bangalore","Private Equity",15000000
"Technology","Gurgaon","Seed Funding",149000
"Consumer Internet","New Delhi","Seed Funding",104000
"eCommerce","Bangalore","Private Equity",60000000
"Technology","Bangalore","Private Equity",2000000
"Consumer Internet","Bangalore","Private Equity",3000000
"eCommerce","Mumbai","Private Equity",5300000
"Consumer Internet","Mumbai","Seed Funding",500000
"Consumer Internet","Bangalore","Private Equity",700000
"Consumer Internet","Bangalore","Private Equity",15000000
"eCommerce","Mumbai","Seed Funding",200000
"Logistics","Mumbai","Private Equity",2000000
"Consumer Internet","Gurgaon","Private Equity",1000000
"Consumer Internet","Mumbai","Private Equity",82000000
"eCommerce","Mumbai","Seed Funding",1700000
"eCommerce","New Delhi","Private Equity",740000
"Technology","Ahmedabad","Seed Funding",250000
"Consumer Internet","Chennai","Seed Funding",297000
"Technology","Mumbai","Private Equity",2000000
"Consumer Internet","New Delhi","Private Equity",1000000
"Consumer Internet","Mumbai","Private Equity",1950000
"eCommerce","Mumbai","Private Equity",6000000
"Technology","Gurgaon","Private Equity",3500000
"eCommerce","Gurgaon","Private Equity",3000000
"Technology","Gurgaon","Private Equity",12250000
"Consumer Internet","New Delhi","Private Equity",5000000
"Consumer Internet","Gurgaon","Seed Funding",600000
"Consumer Internet","Bangalore","Private Equity",1350000
"Consumer Internet","Bangalore","Private Equity",5000000
"Consumer Internet","Bangalore","Private Equity",2000000
"eCommerce","New Delhi","Seed Funding",250000
"Consumer Internet","Mumbai","Private Equity",6000000
"Consumer Internet","New Delhi","Seed Funding",650000
"eCommerce","Mumbai","Private Equity",30000000
"Technology","New Delhi","Private Equity",10000000
"Technology","Bangalore","Private Equity",1000000
"Consumer Internet","Gurgaon","Seed Funding",250000
"Logistics","Mumbai","Seed Funding",595000
"Consumer Internet","New Delhi","Private Equity",1000000
"Consumer Internet","Bangalore","Seed Funding",595000
"Technology","Mumbai","Private Equity",1000000
"Consumer Internet","Mumbai","Private Equity",1000000
"Consumer Internet","Chennai","Seed Funding",75000
"Healthcare","New Delhi","Private Equity",2000000
"Consumer Internet","Hyderabad","Seed Funding",448000
"Education","Bangalore","Private Equity",4000000
"Consumer Internet","Bangalore","Private Equity",2000000
"Technology","Bangalore","Seed Funding",100000
"Technology","Mumbai","Private Equity",1000000
"Consumer Internet","Hyderabad","Seed Funding",1000000
"eCommerce","Mumbai","Seed Funding",500000
"Technology","Mumbai","Seed Funding",200000
"eCommerce","Bangalore","Private Equity",16000000
"Consumer Internet","Gurgaon","Seed Funding",200000
"Technology","Mumbai","Seed Funding",2000000
"Consumer Internet","New Delhi","Private Equity",500000
"eCommerce","Mumbai","Private Equity",1000000
"Technology","Bangalore","Private Equity",6000000
"Consumer Internet","Bangalore","Private Equity",4400000
"Consumer Internet","New Delhi","Private Equity",450000
"Consumer Internet","Gurgaon","Private Equity",600000
"eCommerce","Bangalore","Private Equity",20000000
"Consumer Internet","New Delhi","Private Equity",12000000
"Technology","Bangalore","Private Equity",900000
"Technology","Bangalore","Private Equity",5200000
"Consumer Internet","Mumbai","Seed Funding",150000
"Technology","Bangalore","Seed Funding",400000
"Consumer Internet","Mumbai","Seed Funding",225000
"eCommerce","Mumbai","Private Equity",6000000
"Technology","New Delhi","Private Equity",3500000
"Consumer Internet","Bangalore","Seed Funding",210000
"Consumer Internet","Mumbai","Seed Funding",50000
"Technology","Bangalore","Seed Funding",500000
"Logistics","Mumbai","Private Equity",6000000
"Consumer Internet","Bangalore","Seed Funding",1200000
"Consumer Internet","Bangalore","Seed Funding",100000
"Consumer Internet","Bangalore","Private Equity",3000000
"Consumer Internet","Gurgaon","Private Equity",8000000
"Technology","Ahmedabad","Seed Funding",300000
"Consumer Internet","Ahmedabad","Private Equity",32000000
"Consumer Internet","New Delhi","Seed Funding",295000
"eCommerce","New Delhi","Private Equity",100000
"eCommerce","Mumbai","Private Equity",1500000
"Consumer Internet","Mumbai","Private Equity",25000000
"Consumer Internet","Bangalore","Seed Funding",220000
"Food & Beverage","Gurgaon","Private Equity",368000
"Technology","New Delhi","Seed Funding",376000
"Consumer Internet","Gurgaon","Private Equity",50000000
"Consumer Internet","Bangalore","Seed Funding",250000
"Consumer Internet","Mumbai","Seed Funding",180000
"Consumer Internet","Mumbai","Seed Funding",200000
"eCommerce","New Delhi","Private Equity",60000000
"Technology","Mumbai","Private Equity",12000000
"Technology","Chennai","Seed Funding",200000
"eCommerce","Hyderabad","Seed Funding",150000
"Technology","New Delhi","Seed Funding",500000
"Consumer Internet","Bangalore","Seed Funding",500000
"Consumer Internet","Bangalore","Seed Funding",375000
"Logistics","Hyderabad","Seed Funding",75000
"Technology","Bangalore","Private Equity",2750000
"Consumer Internet","Bangalore","Seed Funding",450000
"eCommerce","New Delhi","Seed Funding",250000
"Consumer Internet","Bangalore","Private Equity",6000000
"Consumer Internet","Chennai","Private Equity",1500000
"Technology","Chennai","Private Equity",18000000
"eCommerce","Mumbai","Seed Funding",1500000
"Consumer Internet","Bangalore","Private Equity",7000000
"Consumer Internet","Bangalore","Private Equity",900000
"Technology","Mumbai","Private Equity",100000000
"Consumer Internet","Bangalore","Seed Funding",500000
"Consumer Internet","Bangalore","Private Equity",25000000
"Healthcare","Hyderabad","Private Equity",150000
"Consumer Internet","Chennai","Private Equity",13500000
"Logistics","Mumbai","Private Equity",2200000
"Consumer Internet","Bangalore","Seed Funding",250000
"Education","Mumbai","Private Equity",10000000
"Consumer Internet","Mumbai","Seed Funding",1000000
"Consumer Internet","New Delhi","Seed Funding",500000
"Consumer Internet","New Delhi","Seed Funding",500000
"Consumer Internet","New Delhi","Seed Funding",89000
"Consumer Internet","Bangalore","Seed Funding",1000000
"Healthcare","Bangalore","Private Equity",1500000
"Consumer Internet","Bangalore","Private Equity",2000000
"Consumer Internet","New Delhi","Seed Funding",475000
"Technology","Mumbai","Seed Funding",200000
"eCommerce","New Delhi","Private Equity",4400000
"Consumer Internet","Mumbai","Private Equity",8900000
"Consumer Internet","Mumbai","Seed Funding",175000
"Consumer Internet","SFO / Bangalore","Private Equity",2700000
"Consumer Internet","Mumbai","Private Equity",25000000
"Logistics","Gurgaon","Private Equity",1000000
"Consumer Internet","Bangalore","Seed Funding",500000
"Consumer Internet","Mumbai","Private Equity",6000000
"Consumer Internet","Bangalore","Private Equity",1000000
"Consumer Internet","New Delhi","Seed Funding",40000
"Consumer Internet","Mumbai","Seed Funding",200000
"Consumer Internet","New Delhi","Private Equity",100000000
"Consumer Internet","Gurgaon","Seed Funding",300000
"Consumer Internet","Bangalore","Seed Funding",1000000
"Consumer Internet","New Delhi","Seed Funding",1000000
"eCommerce","Mumbai","Seed Funding",250000
"eCommerce","Bangalore","Seed Funding",750000
"Technology","Mumbai","Seed Funding",100000
"Consumer Internet","New Delhi","Seed Funding",1000000
"Consumer Internet","New Delhi","Private Equity",15000000
"Consumer Internet","Bangalore","Private Equity",30000000
"Consumer Internet","Bangalore","Seed Funding",150000
"Consumer Internet","Chennai","Seed Funding",450000
"Consumer Internet","New Delhi","Private Equity",2000000
"eCommerce","Gurgaon","Private Equity",15000000
"eCommerce","Bangalore","Private Equity",3000000
"Consumer Internet","New Delhi","Seed Funding",450000
"Consumer Internet","Hyderabad","Seed Funding",200000
"Food & Beverage","Bangalore","Seed Funding",550000
"Consumer Internet","Mumbai","Private Equity",15000000
"Consumer Internet","Bangalore","Private Equity",1300000
"eCommerce","Gurgaon","Private Equity",15000000
"Consumer Internet","Gurgaon","Seed Funding",500000
"Consumer Internet","New Delhi","Seed Funding",450000
"Consumer Internet","Mumbai","Seed Funding",600000
"Consumer Internet","Bangalore","Private Equity",1200000
"Consumer Internet","Mumbai","Seed Funding",500000
"eCommerce","New Delhi","Private Equity",100000
"Technology","Bangalore","Private Equity",1400000
"Education","Mumbai","Private Equity",1000000
"Consumer Internet","New Delhi","Seed Funding",500000
"ECommerce","Chennai","Private Equity",1000000
"Consumer Internet","Gurgaon","Seed Funding",100000
"Healthcare","Gurgaon","Private Equity",4000000
"ECommerce","Bangalore","Private Equity",3000000
"Consumer Internet","Bangalore","Seed Funding",500000
"Consumer Internet","New Delhi","Seed Funding",250000
"Consumer Internet","Bangalore","Seed Funding",100000
"Consumer Internet","Bangalore","Seed Funding",750000
"ECommerce","New Delhi","Private Equity",8000000
"Consumer Internet","Bangalore","Seed Funding",650000
"Consumer Internet","Hyderabad","Seed Funding",1000000
"Consumer Internet","Mumbai","Seed Funding",400000
"Food & Beverage","New Delhi","Private Equity",11100000
"ECommerce","New Delhi","Seed Funding",1000000
"ECommerce","Bangalore","Seed Funding",223608
"Logistics","New Delhi","Private Equity",14900000
"Consumer Internet","Bangalore","Private Equity",1000000
"Consumer Internet","Gurgaon","Seed Funding",250000
"Consumer Internet","Bangalore","Seed Funding",180000
"Consumer Internet","Bangalore","Seed Funding",250000
"Consumer Internet","Gurgaon","Seed Funding",230000
"Consumer Internet","Mumbai","Seed Funding",800000
"Consumer Internet","Mumbai","Seed Funding",108000
"Food & Beverage","Hyderabad","Private Equity",1500000
"Consumer Internet","New Delhi","Seed Funding",30000
"Consumer Internet","Gurgaon","Private Equity",2000000
"Consumer Internet","Bangalore","Private Equity",75000000
"eCommerce","Bangalore","Private Equity",150000000
"Consumer Internet","Bangalore","Seed Funding",600000
"Consumer Internet","Hyderabad","Seed Funding",360000
"Technology","Hyderabad","Seed Funding",100000
"Technology","Chennai","Seed Funding",300000
"Consumer Internet","Hyderabad","Private Equity",330000
"Consumer Internet","Bangalore","Private Equity",500000
"Consumer Internet","Gurgaon","Seed Funding",150000
"Consumer Internet","New Delhi","Seed Funding",300000
"Consumer Internet","New Delhi","Seed Funding",200000
"Consumer Internet","Chennai","Seed Funding",500000
"Healthcare","Bangalore","Seed Funding",400000
"Consumer Internet","Bangalore","Seed Funding",22500
"Technology","Gurgaon","Seed Funding",22500
"Technology","Mumbai","Seed Funding",22500
"ECommerce","New Delhi","Seed Funding",100000
"Consumer Internet","Bangalore","Seed Funding",30000
"ECommerce","New Delhi","Seed Funding",30000
"Technology","Bangalore / SFO","Private Equity",13500000
"Consumer Internet","Gurgaon","Seed Funding",100000
"Consumer Internet","New Delhi","Seed Funding",100000
"Consumer Internet","Mumbai","Seed Funding",200000
"Consumer Internet","Bangalore","Seed Funding",1200000
"Technology","Bangalore","Seed Funding",125000
"Food & Beverage","New Delhi","Seed Funding",1000000
"Technology","Mumbai","Seed Funding",1000000
"Consumer Internet","Mumbai","Private Equity",4000000
"Consumer Internet","Mumbai","Private Equity",5000000
"eCommerce","New Delhi","Private Equity",200000000
"Consumer Internet","Gurgaon","Seed Funding",50000
"Consumer Internet","Bangalore","Seed Funding",300000
"Consumer Internet","Bangalore","Seed Funding",1000000
"Technology","Bangalore","Seed Funding",970000
"Technology","New Delhi","Seed Funding",350000
"Consumer Internet","Mumbai","Private Equity",10000000
"Education","New Delhi","Private Equity",5000000
"Consumer Internet","Ahmedabad","Seed Funding",73000
"ECommerce","New Delhi","Seed Funding",300000
"Technology","Bangalore","Seed Funding",350000
"ECommerce","New Delhi","Private Equity",5000000
"Consumer Internet","Gurgaon","Seed Funding",400000
"Consumer Internet","Bangalore","Seed Funding",1000000
"Consumer Internet","New Delhi","Private Equity",3000000
"Consumer Internet","New Delhi","Seed Funding",100000
"Consumer Internet","Mumbai","Private Equity",4500000
"Consumer Internet","New Delhi","Seed Funding",37000
"Consumer Internet","Gurgaon","Private Equity",11000000
"Consumer Internet","Bangalore","Seed Funding",160000
"Consumer Internet","Bangalore","Private Equity",10000000
"Consumer Internet","Hyderabad","Seed Funding",400000
"eCommerce","Gurgaon","Private Equity",5000000
"Consumer Internet","Bangalore","Private Equity",5800000
"eCommerce","New Delhi","Seed Funding",70000
"Technology","New Delhi","Seed Funding",145000
"Consumer Internet","Mumbai","Private Equity",2500000
"eCommerce","Mumbai","Private Equity",13000000
"Food & Beverage","New Delhi","Private Equity",6000000
"Consumer Internet","Bangalore","Seed Funding",150000
"Consumer Internet","Mumbai","Private Equity",5000000
"Technology","Bangalore","Seed Funding",750000
"Consumer Internet","Ahmedabad","Private Equity",1000000
"Education","Gurgaon","Private Equity",3000000
"Education","New Delhi","Seed Funding",750000
"Consumer Internet","Bangalore","Seed Funding",160000
"Consumer Internet","Gurgaon","Private Equity",180000000
"ECommerce","Bangalore","Private Equity",5000000
"Consumer Internet","Bangalore","Seed Funding",250000
"Education","Mumbai","Seed Funding",45000
"ECommerce","Gurgaon","Private Equity",5400000
"Consumer Internet","Bangalore","Private Equity",16500000
"ECommerce","Bangalore","Seed Funding",1000000
"ECommerce","Gurgaon","Private Equity",100000000
"Technology","Bangalore","Private Equity",2300000
"Consumer Internet","Mumbai","Seed Funding",250000
"Consumer Internet","Mumbai","Private Equity",145000000
"Consumer Internet","Bangalore","Seed Funding",100000
"Consumer Internet","New Delhi","Seed Funding",240000
"Healthcare","Mumbai","Private Equity",4000000
"Consumer Internet","Gurgaon","Seed Funding",520000
"Consumer Internet","Gurgaon","Seed Funding",200000
"Consumer Internet","New Delhi","Private Equity",6000000
"Consumer Internet","Bangalore","Private Equity",35000000
"ECommerce","New Delhi","Private Equity",1400000
"Technology","Mumbai","Private Equity",5000000
"Consumer Internet","New Delhi","Seed Funding",445000
"ECommerce","New Delhi","Private Equity",1800000
"ECommerce","Mumbai","Private Equity",20000000
"ECommerce","New Delhi / US","Private Equity",4000000
"Consumer Internet","Mumbai / UK","Seed Funding",40000
"Consumer Internet","Bangalore","Seed Funding",500000
"Consumer Internet","Mumbai","Private Equity",15000000
"Technology","Bangalore","Private Equity",3000000
"ECommerce","Bangalore","Private Equity",7200000
"Technology","Bangalore","Seed Funding",515000
"Technology","Mumbai","Private Equity",35000000
"Technology","Bangalore","Private Equity",30000000
"Consumer Internet","Mumbai","Seed Funding",150000
"Consumer Internet","Gurgaon","Private Equity",21000000
"ECommerce","Gurgaon","Private Equity",4000000
"Technology","Bangalore","Seed Funding",1000000
"Technology","Hyderabad","Seed Funding",1000000
"Consumer Internet","Bangalore","Seed Funding",185000
"Consumer Internet","Bangalore","Private Equity",17000000
"ECommerce","Mumbai","Private Equity",5150000
"Technology","New Delhi","Private Equity",1100000
"Transportation & Logistics Platform","Mumbai","Private Equity",5600000
"Digital Healthcare","New Delhi","Seed Funding",2000000
"Supply Chain & Logistics Solutions","New Delhi","Private Equity",10000000
"Logistics Services Provider","Gurgaon","Private Equity",30000000
"Logistics Service Provider Marketplace","New Delhi","Private Equity",2000000
"Sports Education Platform","Mumbai","Private Equity",2000000
"B2B eCommerce Marketplace","Bangalore","Private Equity",5000000
"eCommerce Product Search Engine","Mumbai","Seed Funding",150000
"Healthcare Services Discovery platform","Bangalore","Seed Funding",100000
"Education Content Provider","New Delhi","Private Equity",27000000
"Sports Management & Physical Education Business","Bangalore","Private Equity",10000000
"Delivery & Logistics Service provider","Gurgaon","Private Equity",20000000
"Logistics Tech Platform","Mumbai","Seed Funding",310000
"Healthcare IT Solutions & services","Chennai","Private Equity",10000000
"Online Logistics Platform","Bangalore","Private Equity",5000000
"Hyperlocal Logistics Service","Bangalore","Private Equity",10000000
"ECommerce Brandsâ€™ Full Service Agency","Mumbai","Seed Funding",100000
"End-to-end Logistics platform","Mumbai","Private Equity",10000000
"ECommerce Logistics provider","New Delhi","Private Equity",5000000
"On-Demand Delivery Logistics","New Delhi","Private Equity",1300000
"Logistics Tech Platform","Bangalore","Seed Funding",1300000
"Logistics service platform","Ahmedabad","Seed Funding",245000
"Healthcare Mobile App","New Delhi","Private Equity",10200000
"Educational Board Games","Bangalore","Seed Funding",168000
"Probiotic Technology Products Manufacturer","Chennai","Private Equity",550000
"Logistics Solution Provider","New Delhi","Private Equity",137000000
"eCommerce platform","Bangalore","Private Equity",50000000
"HealthcareService provider","Bangalore","Private Equity",10000000
"Global Healthcare products","Ahmedabad","Private Equity",16000000
"Intra-City Logistics service","Bangalore","Seed Funding",500000
"Logistics Tech","Mumbai","Private Equity",5500000
"Affordable Education","Hyderabad","Seed Funding",650000
"Ecommerce Logistics","Gurgaon","Private Equity",85000000
"Online Education Platform","Mumbai","Private Equity",10000000
"Online Education Platform","Bangalore","Private Equity",5000000
"Online Education Platform","Mumbai","Seed Funding",2000000
"Last Mile Logistics","Bangalore","Seed Funding",240000
"Online FurnishingeCommerce","Bangalore","Private Equity",50000000
"Logistics Tech","Mumbai","Seed Funding",500000
"Fashion ECommerce","Bangalore","Private Equity",3500000
"Ethnic Product eCommerce","Mumbai","Private Equity",18000000
"Food Logistics & Delivery","Mumbai","Seed Funding",1000000
"Tele-Shopping / eCommerce","Mumbai","Private Equity",21500000
